﻿<?xml version="1.0" encoding="utf-8" ?>
<DependencyCheckerConfiguration>

  <title>Introduction to the Parallel Extensions Library</title>
  <!--<image>.\Resources\customLogo.png</image>-->

  <previews>
    <title>Steps Summary</title>
    <preview name="Check dependencies" description="Check prerequisites for the Introduction to the Parallel Extensions Library lab"></preview>
    <preview name="Install Visual Studio code snippets" description="Launch the Visual Studio installer to install the code snippets"></preview>
  </previews>

  <tasks>
    <task description="Launch the Visual Studio installer to install the code snippets" scriptName=".\scripts\tasks\installVSCodeSnippets.cmd" displayConsole="true"/>
  </tasks>

  <dependencies>
    <os type="Vista" buildNumber="6000">
      <dependency
                      value=".\scripts\Dependencies\Check\CheckVistaSP1.ps1"
                      enabled="true"
                      optional="false"
                      required="true"
                      title="Windows Vista SP1"
                      explanation="Introduction to the Parallel Extensions Library lab requires Windows Vista Service Pack 1"
                      scriptName=""
                      downloadUrl="http://www.microsoft.com/downloads/details.aspx?FamilyID=f559842a-9c9b-4579-b64a-09146a0ba746" />
    </os>
    <os type="Vista;Server" buildNumber="6001;6002;7100;7600">
      <dependency
                      value=".\scripts\Dependencies\Check\CheckVS2010RC.ps1"
                      enabled="true"
                      optional="false"
                      required="true"
                      title="Microsoft Visual Studio 2010 RC"
                      explanation="Introduction to the Parallel Extensions Library lab requires Microsoft Visual Studio 2010 RC"
                      scriptName=""
                      downloadUrl="http://www.microsoft.com/visualstudio/en-us/products/2010/default.mspx"/>

      <dependency
                     value=".\scripts\Dependencies\Check\CheckNET4.ps1"
                     enabled="true"
                     optional="false"
                     required="true"
                     title=".NET Framework 4.0"
                     explanation="Introduction to the Parallel Extensions Library lab requires .NET Framework 4.0"
                     scriptName=""
                     downloadUrl="http://www.microsoft.com/visualstudio/en-us/products/2010/default.mspx"/>
    </os>
  </dependencies>
  <errorMessages>
    <errorMessage error="OperatingSystemNotSupported">
      <![CDATA[<p><b>The automatic set up can not proceed.</b></br>The lab you are trying to set up has not been tested in your environment, and some features may not work as expected.</br>You can configure your environment manually installing the prerequisites shown in the lab's overview.</p><p><b>Tested Environments: </b>Windows Vista, Windows 7, Windows 2008 and Windows 2008 R2</p><br/>]]>
    </errorMessage>
  </errorMessages>
</DependencyCheckerConfiguration>